#{"t_start": 1709025750.377998, "env_id": "None"}
r,l,t
-324.746285,10,3.386042
-1175.088865,10,3.406041
-4254.253269,10,3.428041
-3131.159218,10,3.449041
-23223.9225,10,3.47104
-4941.811096,10,3.493041
-1319.118406,10,3.515041
-2390.539247,10,3.537041
-169.960858,10,3.559042
-90299.460349,10,3.581041
-4160.624001,10,3.599041
-1505.711619,10,3.613045
-748.78634,10,3.628042
-53425.368868,10,3.642035
-4169.859476,10,3.656033
-4374.489022,10,3.671041
-2440.554552,10,3.68504
-4718.296944,10,3.700045
-90505.709913,10,3.71304
-3410.897046,10,3.727041
-2346.889491,10,3.740043
-1723.226992,10,3.75404
-2075.392679,10,3.76704
-43805.449165,10,3.78104
-2680.031663,10,3.79504
-2859.012475,10,3.808043
-3390.00197,10,3.822044
-1869.253394,10,3.83604
-32576.850565,10,3.850045
-2434.795272,10,3.863042
-13633.891206,10,3.87704
-3695.380145,10,3.890041
-2194.262735,10,3.90404
-789.527133,10,3.91704
-1647.573063,10,3.93104
-2418.006111,10,3.94404
-13537.504202,10,3.95804
-61985.409763,10,3.97104
-1715.956796,10,3.985039
-100000.0,10,3.998039
-100000.0,10,4.01104
-81083.952755,10,4.025036
-2832.873433,10,4.039039
-33946.19699,10,4.052041
-33818.635207,10,4.066039
-390.543695,10,4.079039
-33103.600297,10,4.093041
-3758.923042,10,4.106039
-2442.862289,10,4.119039
-6260.469602,10,4.133039
-5735.333164,10,4.147039
-3494.179898,10,4.176039
-13094.426454,10,4.19304
-2123.419224,10,4.209033
-3227.356246,10,4.226032
-22365.820421,10,4.243041
-3530.731762,10,4.260041
-1385.15788,10,4.276032
-2092.38881,10,4.293039
-100000.0,10,4.309031
-2820.413868,10,4.325041
-2591.148836,10,4.342041
-3942.258911,10,4.358041
-3051.01596,10,4.374039
-4395.888005,10,4.389039
-2344.014674,10,4.404039
-4552.912546,10,4.418039
-1145.6272,10,4.432041
-80375.219903,10,4.446041
-90241.846107,10,4.459039
-165.22345,10,4.473038
-550.07012,10,4.487038
-6311.559698,10,4.501038
-3395.919629,10,4.515038
-1942.226455,10,4.528039
-4141.493438,10,4.542042
-4629.348508,10,4.556038
-7086.31098,10,4.570042
-3356.84971,10,4.584038
-34492.876848,10,4.598041
-24392.258841,10,4.612039
-1475.650385,10,4.626031
-90379.065826,10,4.639038
-2559.620676,10,4.653038
-1985.025212,10,4.667038
-71508.083375,10,4.681038
-580.458465,10,4.695031
-3811.172436,10,4.708038
-1493.647257,10,4.72203
-52491.759268,10,4.736038
-3064.829283,10,4.750041
-886.31085,10,4.764039
-70649.358045,10,4.778035
-3422.11668,10,4.79204
-3524.170305,10,4.806037
-1513.003558,10,4.819038
-3213.054236,10,4.834038
-2379.771634,10,4.849038
-4928.058912,10,4.86303
-3877.919347,10,4.878035
-4208.020407,10,4.892051
-1667.766482,10,4.906033
-654.321969,10,4.933089
-3316.213994,10,4.947038
-4019.422295,10,4.961038
-1450.107802,10,4.974037
-3684.925208,10,4.988037
-3025.580468,10,5.002037
-5994.176098,10,5.016037
-71590.263983,10,5.029037
-4213.154151,10,5.043038
-2985.236071,10,5.057037
-4714.811271,10,5.071037
-1637.363832,10,5.085037
-42809.473792,10,5.098037
-12808.200964,10,5.112038
-72390.570975,10,5.12503
-3269.0894,10,5.139037
-1498.807341,10,5.153037
-4744.91991,10,5.168037
-4758.500125,10,5.181037
-4138.53085,10,5.195034
-2496.078681,10,5.209038
-4093.907924,10,5.223036
-1697.005094,10,5.240038
-1660.127868,10,5.258037
-100000.0,10,5.274037
-80939.762806,10,5.291038
-90498.85406,10,5.307039
-3736.830575,10,5.324039
-1859.248313,10,5.340039
-81187.822921,10,5.356038
-4184.363292,10,5.373036
-1388.315312,10,5.389036
-3992.631297,10,5.406036
-2834.116838,10,5.422037
-80838.809485,10,5.439036
-4055.815242,10,5.455036
-4169.996775,10,5.472037
-4398.08682,10,5.488036
-100000.0,10,5.505036
-3051.25217,10,5.522038
-1321.718845,10,5.538036
-2676.371953,10,5.555036
-15098.254541,10,5.57203
-61461.035702,10,5.589028
-2885.920027,10,5.607039
-2101.62311,10,5.624036
-1492.660291,10,5.640039
-4669.8713,10,5.657036
-33508.669577,10,5.674035
-209.279566,10,5.690039
-3312.892538,10,5.707035
-4322.873864,10,5.732036
-41751.295144,10,5.746036
-34215.912328,10,5.760036
-3619.198474,10,5.774035
-6080.780978,10,5.789036
-4340.860499,10,5.804028
-902.161319,10,5.818035
-3262.797942,10,5.833035
-4004.951236,10,5.847035
-5714.112561,10,5.862042
-2163.885905,10,5.877036
-3427.036629,10,5.891038
-4503.891722,10,5.906035
-2838.183174,10,5.921035
-5081.973081,10,5.935035
-1072.981447,10,5.950038
-2393.543421,10,5.966035
-2345.534807,10,5.980038
-1918.99168,10,5.995035
-12586.649504,10,6.009038
-32539.687921,10,6.023035
-966.40737,10,6.038035
-1141.424627,10,6.052036
-2317.71037,10,6.067034
-40514.066314,10,6.081035
-100000.0,10,6.095035
-6280.324746,10,6.110037
-22356.48123,10,6.124034
-834.718454,10,6.139034
-5671.667335,10,6.153034
-4015.102138,10,6.167034
-859.22376,10,6.182036
-2012.141896,10,6.196034
-2228.521823,10,6.210038
-32727.068331,10,6.225031
-1186.053479,10,6.239036
-13106.625622,10,6.253034
-81078.036101,10,6.268034
-5080.506019,10,6.283034
-6116.871306,10,6.298034
-61370.031533,10,6.312036
-2761.472318,10,6.326038
-6410.594886,10,6.340037
-5626.499775,10,6.355034
-4189.546407,10,6.369034
-15458.030245,10,6.384036
-1786.623737,10,6.398034
-90370.477013,10,6.412035
-33046.156963,10,6.426034
-52531.563412,10,6.440036
-618.839091,10,6.455034
-3845.679529,10,7.737031
-2446.000407,10,7.750031
-2501.610408,10,7.762032
-4677.144731,10,7.775025
-950.328316,10,7.78703
-3399.625066,10,7.80003
-2045.408127,10,7.812031
-3367.488833,10,7.826032
-2734.536735,10,7.83803
-1876.004062,10,7.851031
-4320.358217,10,7.864031
-61698.682935,10,7.876031
-52002.503266,10,7.888031
-2833.777502,10,7.90103
-2266.65672,10,7.91303
-61013.322902,10,7.926031
-3737.910517,10,7.93803
-2248.017946,10,7.95103
-2190.111621,10,7.96303
-3040.886607,10,7.975023
-2599.726121,10,7.98803
-2997.542377,10,8.000033
-3524.221967,10,8.01303
-3046.205998,10,8.025023
-654.529651,10,8.03703
-1730.240007,10,8.050034
-2612.726406,10,8.062034
-4537.896138,10,8.075023
-2471.560446,10,8.08703
-3258.908631,10,8.100034
-41755.813538,10,8.112031
-672.337198,10,8.12403
-3226.824789,10,8.13703
-1519.47476,10,8.149029
-5219.363909,10,8.162031
-3353.136074,10,8.17403
-4688.900604,10,8.186029
-53422.213551,10,8.199029
-940.571842,10,8.21103
-189.351146,10,8.223029
-3353.696895,10,8.236029
-81058.815498,10,8.248029
-1474.950706,10,8.261029
-3174.283793,10,8.273029
-52047.43491,10,8.285029
-61254.821399,10,8.298032
-3256.667998,10,8.310031
-52825.318164,10,8.323029
-41148.967884,10,8.336029
-6526.473594,10,8.349029
-31935.945223,10,8.36103
-2325.046556,10,8.373029
-3030.48233,10,8.401029
-3779.383267,10,8.414029
-3049.143437,10,8.42603
-3754.761718,10,8.439029
-1533.35915,10,8.451029
-1019.447111,10,8.464029
-4625.058727,10,8.477029
-4339.643057,10,8.490032
-5077.209976,10,8.50203
-5935.614124,10,8.515029
-3534.138212,10,8.52803
-13687.223832,10,8.542022
-4762.241949,10,8.555029
-71045.59443,10,8.568029
-2188.309156,10,8.581028
-6355.83733,10,8.595029
-3453.059084,10,8.608021
-3400.305657,10,8.629032
-972.028294,10,8.64404
-3754.875213,10,8.657028
-5577.218574,10,8.670029
-43137.051282,10,8.684028
-1649.654524,10,8.697028
-548.292576,10,8.710035
-7637.063424,10,8.723028
-13023.984377,10,8.73603
-5569.48625,10,8.749028
-2393.559261,10,8.761028
-2127.500874,10,8.77403
-2111.005501,10,8.788021
-546.76276,10,8.801028
-71102.4973,10,8.816021
-2609.278745,10,8.83203
-377.87351,10,8.846029
-1607.840843,10,8.861028
-1722.976603,10,8.876021
-2124.078269,10,8.890041
-71243.309447,10,8.905028
-227.461852,10,8.919028
-1560.478792,10,8.933028
-2704.760433,10,8.947028
-2499.942273,10,8.961028
-3757.126301,10,8.976021
-4065.932314,10,8.990032
-1624.113117,10,9.004032
-808.429332,10,9.019028
-1683.428053,10,9.033027
-2632.170079,10,9.048027
-90455.888174,10,9.062029
-1400.401635,10,9.076021
-5477.906256,10,9.090029
-1454.039028,10,9.121032
-100000.0,10,9.134027
-62758.447227,10,9.147027
-6704.214726,10,9.160034
-3217.232213,10,9.173027
-2805.774575,10,9.187027
-1681.964831,10,9.199027
-2072.686244,10,9.212028
-4290.361694,10,9.226027
-3466.613144,10,9.238033
-2879.126535,10,9.251027
-4519.328685,10,9.264027
-581.665399,10,9.277027
-90398.843597,10,9.290032
-2213.474102,10,9.304027
-25415.682502,10,9.318027
-5741.312582,10,9.331028
-2418.085812,10,9.344021
-71614.74378,10,9.357021
-3048.630408,10,9.370043
-5109.800284,10,9.383022
-2934.343373,10,9.396027
-1876.168646,10,9.40902
-1707.171352,10,9.422032
-3187.551255,10,9.436027
-70257.191755,10,9.449026
-505.36179,10,9.462028
-4017.848147,10,9.476029
-3387.643967,10,9.489026
-90640.846257,10,9.502028
-3314.012066,10,9.515026
-1875.429458,10,9.528026
-3579.620785,10,9.542021
-1162.641534,10,9.558024
-23560.949007,10,9.57402
-61023.289354,10,9.58902
-3189.748338,10,9.603026
-23990.14383,10,9.616026
-2354.789192,10,9.629029
-6195.945177,10,9.64303
-2873.111379,10,9.656026
-3406.683778,10,9.67502
-80814.835362,10,9.691026
-70500.24271,10,9.706027
-4142.985936,10,9.721026
-100000.0,10,9.734027
-2022.699022,10,9.748026
-6834.132126,10,9.76102
-4785.503893,10,9.775018
-100000.0,10,9.788019
-2271.691658,10,9.80202
-1706.615397,10,9.824027
-22928.726372,10,9.839026
-2947.055414,10,9.853025
-3730.233813,10,9.866018
-1766.083858,10,9.879026
-602.375212,10,9.892027
-3256.542629,10,9.905025
-619.619404,10,9.918025
-2434.442898,10,9.931025
-53681.436453,10,9.945025
-10742.433025,10,9.957025
-90259.723858,10,9.971025
-3428.138412,10,9.985025
-765.872098,10,9.998025
-1382.07532,10,10.011025
-3423.700011,10,10.024026
-71280.691902,10,10.037025
-6210.681429,10,10.054026
-4134.238802,10,10.07003
-666.135023,10,10.086028
-3221.108563,10,10.101025
-1896.179814,10,10.117025
-61022.222124,10,10.132026
-2982.605488,10,10.148025
-3686.569628,10,10.163025
-81299.649292,10,10.179027
-2029.479349,10,10.195025
-53094.227223,10,10.210027
-32815.54312,10,10.227025
-4901.892212,10,10.243024
-3668.565028,10,10.259018
-1770.528592,10,10.275019
-51797.571863,10,10.290026
-81155.765198,10,10.306024
-4898.901315,10,10.322026
-3591.338989,10,10.337024
-3905.967514,10,10.353024
-1803.17127,10,10.369024
-12421.704599,10,10.385025
-1754.039914,10,10.401024
-3048.763455,10,10.417024
-70476.556493,10,10.432026
-5537.692663,10,10.448024
-1596.962173,10,10.464024
-971.82516,10,10.479024
-3878.654199,10,10.495024
-452.957385,10,10.511025
-1680.271056,10,10.527024
-90509.709206,10,10.542017
-2786.620131,10,10.558026
-3665.622472,10,10.574024
-100000.0,10,11.817021
-61640.603427,10,11.831022
-3380.397249,10,11.844023
-3010.091799,10,11.857021
-14177.797401,10,11.869021
-2289.21398,10,11.88202
-16237.094217,10,11.894021
-1480.310304,10,11.907021
-43358.933606,10,11.91902
-1239.953516,10,11.93102
-1723.597219,10,11.944021
-53228.529902,10,11.95602
-5239.764597,10,11.96802
-1224.501824,10,11.981021
-1568.428175,10,11.993021
-1944.077171,10,12.006021
-5246.742368,10,12.01802
-32697.363596,10,12.030023
-34322.17533,10,12.04302
-51169.193427,10,12.05502
-4626.321743,10,12.068021
-1531.283549,10,12.080024
-3967.907208,10,12.092021
-2937.79735,10,12.10502
-4758.290128,10,12.11702
-16960.914732,10,12.12902
-4297.771058,10,12.14202
-482.821281,10,12.15402
-2629.729315,10,12.16702
-4835.846754,10,12.179022
-526.109978,10,12.19102
-4569.710043,10,12.20402
-1777.84683,10,12.21602
-14985.465541,10,12.22902
-51966.691245,10,12.24102
-4045.833531,10,12.25302
-1161.030463,10,12.26502
-100000.0,10,12.27802
-2428.293542,10,12.290022
-11054.891735,10,12.302021
-71931.579514,10,12.31502
-3377.051652,10,12.327019
-1029.717378,10,12.33902
-2762.759658,10,12.352021
-52407.308227,10,12.36402
-61388.598562,10,12.37602
-1938.018062,10,12.388019
-71453.75152,10,12.40102
-61261.907921,10,12.41302
-3163.885155,10,12.42602
-43688.986917,10,12.440021
-3967.446762,10,12.464019
-52488.63919,10,12.47602
-959.928978,10,12.488019
-3332.019272,10,12.501019
-22492.607219,10,12.513022
-5224.780359,10,12.52602
-5495.370892,10,12.538019
-14022.298537,10,12.550019
-100000.0,10,12.563019
-42692.053299,10,12.575011
-1072.502641,10,12.587019
-4249.121327,10,12.599019
-4930.054875,10,12.612022
-3508.619743,10,12.624019
-6009.676539,10,12.637019
-62452.480321,10,12.649019
-4215.515673,10,12.661019
-4511.395951,10,12.674019
-3425.945641,10,12.686018
-1208.985461,10,12.699018
-80953.047655,10,12.713019
-4644.892878,10,12.725012
-1959.810721,10,12.737019
-2073.234746,10,12.750022
-1625.260511,10,12.76202
-3004.746829,10,12.77501
-2674.511298,10,12.787019
-4004.439851,10,12.800023
-2603.349257,10,12.81202
-5989.147767,10,12.825013
-1059.258284,10,12.837018
-2709.304133,10,12.850022
-1332.897135,10,12.862024
-2648.359046,10,12.874018
-3104.993287,10,12.887018
-42208.71838,10,12.899018
-2994.677854,10,12.912019
-43202.046074,10,12.924018
-33422.679683,10,12.936018
-3786.156112,10,12.949018
-2844.928251,10,12.962019
-4623.44843,10,12.974018
-16686.279144,10,12.987018
-2143.067613,10,12.999018
-1524.729808,10,13.011018
-5817.255265,10,13.024018
-283.251792,10,13.036018
-3242.724678,10,13.048018
-3928.321428,10,13.061018
-1940.606401,10,13.073018
-1325.316534,10,13.086018
-1595.893994,10,13.098018
-1512.395684,10,13.119018
-4521.80319,10,13.132019
-2292.648314,10,13.144018
-24350.111725,10,13.157017
-1104.947148,10,13.169018
-4480.05719,10,13.182019
-1363.615775,10,13.194018
-1760.383976,10,13.207017
-687.088077,10,13.219018
-100000.0,10,13.233017
-4038.155481,10,13.245017
-4998.06082,10,13.258018
-409.535359,10,13.270019
-389.383453,10,13.283017
-3323.889067,10,13.295017
-3485.031388,10,13.307017
-2340.549981,10,13.320021
-42508.423364,10,13.332019
-1970.127945,10,13.346017
-41564.861188,10,13.358015
-4064.076982,10,13.371017
-3639.90855,10,13.383017
-831.405776,10,13.396017
-3838.786124,10,13.408017
-6180.585861,10,13.421017
-2788.833529,10,13.433017
-32478.985327,10,13.445018
-3207.992823,10,13.458017
-690.026385,10,13.473017
-81002.062213,10,13.489017
-21866.309255,10,13.504017
-22575.275146,10,13.519017
-2603.196916,10,13.534016
-3481.832165,10,13.548009
-2707.59392,10,13.560009
-3321.01782,10,13.573009
-3483.439952,10,13.58501
-3859.514871,10,13.598009
-13815.866941,10,13.611009
-1013.987611,10,13.624009
-777.792352,10,13.637009
-100000.0,10,13.650009
-3299.998109,10,13.663008
-2280.008765,10,13.676009
-1477.363381,10,13.688009
-23485.612196,10,13.701009
-1018.829752,10,13.714009
-1001.933351,10,13.727009
-1021.20287,10,13.740009
-90171.806762,10,13.753009
-2721.450213,10,13.766009
-1495.880037,10,13.789076
-2626.911164,10,13.802015
-1348.673291,10,13.815015
-2122.356599,10,13.828009
-3688.336484,10,13.842012
-71443.223018,10,13.855045
-4636.429492,10,13.868016
-21049.797081,10,13.881016
-3460.86749,10,13.894008
-3813.531023,10,13.907016
-3293.190593,10,13.920019
-80300.506852,10,13.933016
-3645.524265,10,13.945016
-11713.232415,10,13.958008
-3373.771672,10,13.971015
-2990.703413,10,13.985016
-1283.732532,10,13.998016
-2157.710048,10,14.012018
-3099.14504,10,14.025008
-1795.820025,10,14.038015
-4344.008477,10,14.052017
-5310.311459,10,14.065015
-2068.501056,10,14.077017
-3925.834393,10,14.090017
-4193.098257,10,14.103015
-35121.111414,10,14.116015
-4034.622391,10,14.13002
-3494.870001,10,14.143015
-2909.129908,10,14.155018
-100000.0,10,14.168015
-4273.260443,10,14.181015
-33380.055693,10,14.194015
-2021.218987,10,14.207015
-1725.420989,10,14.220017
-1710.288137,10,14.233015
-3872.912383,10,14.246015
-51248.67836,10,14.259016
-5179.326543,10,14.27202
-3382.59813,10,14.285015
-3016.629161,10,14.298016
-51879.254059,10,14.311015
-2186.241964,10,14.324015
-576.804518,10,14.337014
-51371.068708,10,14.350016
-1073.386858,10,14.363015
-3110.563432,10,14.376023
-81108.225456,10,14.389014
-2181.885528,10,14.402016
-90537.86586,10,14.414014
-5072.536799,10,14.428011
-5254.307097,10,14.441015
-3294.510531,10,15.701004
-34584.556843,10,15.714014
-100000.0,10,15.727004
-4276.475983,10,15.739012
-4351.888928,10,15.752011
-4405.626382,10,15.764011
-5828.216482,10,15.777019
-60293.126151,10,15.789011
-5133.47571,10,15.802011
-1798.077959,10,15.815011
-3979.880428,10,15.828018
-2333.526139,10,15.841012
-5516.88469,10,15.853011
-2174.189082,10,15.866011
-2985.561614,10,15.879011
-1521.407989,10,15.892004
-2131.380869,10,15.905004
-3218.03288,10,15.917011
-13987.560804,10,15.931007
-685.902239,10,15.943007
-2319.290972,10,15.956007
-2002.18552,10,15.969007
-2656.63862,10,15.981006
-3294.771485,10,15.994007
-4698.926757,10,16.007007
-2256.298218,10,16.019006
-4183.31627,10,16.032007
-3202.943781,10,16.045006
-16646.033661,10,16.057006
-71589.86015,10,16.070008
-1944.951626,10,16.082007
-52689.62422,10,16.095006
-3363.656466,10,16.107006
-21710.116642,10,16.120007
-2224.91439,10,16.133006
-100000.0,10,16.145006
-3082.202374,10,16.158006
-100000.0,10,16.170007
-3655.181637,10,16.183007
-1146.880872,10,16.196006
-2994.979966,10,16.208006
-23959.648842,10,16.221006
-62307.82199,10,16.234006
-822.639646,10,16.247005
-3175.509804,10,16.260006
-6712.641978,10,16.273005
-2340.693716,10,16.285006
-3254.083521,10,16.298006
-1933.139064,10,16.311006
-1881.699875,10,16.323005
-61643.02987,10,16.336005
-2967.528766,10,16.357068
-100000.0,10,16.37001
-719.270422,10,16.38201
-4211.48458,10,16.39501
-24324.375338,10,16.40701
-3577.633438,10,16.42001
-90211.268716,10,16.43201
-80892.64322,10,16.44401
-15166.587243,10,16.457009
-33634.718569,10,16.469009
-2890.323165,10,16.48201
-100000.0,10,16.49401
-51475.58339,10,16.506012
-2744.766057,10,16.520014
-51850.801146,10,16.532011
-5285.032201,10,16.546011
-5392.873313,10,16.560014
-100000.0,10,16.573011
-1698.958364,10,16.586009
-2921.187065,10,16.59901
-3973.104475,10,16.611002
-1545.48964,10,16.624009
-2321.479336,10,16.63701
-2687.555137,10,16.649009
-61301.823524,10,16.662011
-384.011104,10,16.674009
-90476.592696,10,16.686009
-1003.815103,10,16.699009
-1302.467689,10,16.711011
-2532.198806,10,16.724002
-2857.303132,10,16.736009
-20641.764352,10,16.749009
-3305.078393,10,16.761009
-2429.818134,10,16.773009
-3289.729389,10,16.786009
-3434.650846,10,16.798009
-5277.318084,10,16.811009
-1910.964278,10,16.82302
-52721.48211,10,16.836009
-5504.846324,10,16.849009
-1556.132138,10,16.86201
-922.602565,10,16.874009
-2487.315193,10,16.886009
-2797.317104,10,16.899009
-4471.186837,10,16.911009
-1227.020219,10,16.924009
-62079.623436,10,16.936008
-62428.230315,10,16.949008
-5071.761483,10,16.961009
-1657.293185,10,16.974009
-42198.467586,10,16.986011
-3640.36458,10,17.007008
-3239.573355,10,17.02001
-2785.239123,10,17.033008
-53327.598772,10,17.045009
-90090.543122,10,17.058008
-5764.677564,10,42831.275477
-3397.316769,10,42831.334477
-1718.679469,10,42831.391473
-80541.381751,10,42831.441477
-70330.582332,10,42831.463477
-5938.251461,10,42831.48847
-3383.645818,10,42831.50848
-62090.745359,10,42831.530471
-2178.89187,10,42831.552472
-3922.185277,10,42831.57147
-858.137405,10,42831.58947
-2443.796231,10,42831.60947
-4522.22995,10,42831.62847
-13661.1152,10,42831.646479
-32395.365769,10,42831.663476
-2345.86567,10,42831.684476
-4816.637229,10,42831.704484
-734.595682,10,42831.723471
-41772.994433,10,42831.741477
-1976.065132,10,42831.758476
-2100.398317,10,42831.776472
-80824.809536,10,42831.795477
-1914.121844,10,42831.812477
-2872.051034,10,42831.829477
-4771.908694,10,42831.846478
-2130.288858,10,42831.864511
-4073.371216,10,42831.883478
-1885.726122,10,42831.902477
-2783.914087,10,42831.920477
-552.010534,10,42831.938473
-2635.629177,10,42831.955473
-3194.123801,10,42831.973473
-2691.672237,10,42831.991473
-5066.998716,10,42832.008474
-2372.598183,10,42832.027474
-14935.01419,10,42832.045472
-5447.895483,10,42832.065474
-3699.416959,10,42832.083503
-3074.323262,10,42832.101473
-2476.493764,10,42832.120474
-61689.49055,10,42832.138473
-100000.0,10,42832.155473
-25370.972344,10,42832.172473
-2651.272445,10,42832.189473
-4077.480617,10,42832.206475
-1336.228577,10,42832.224475
-4682.479311,10,42832.278475
-248.974491,10,42832.297473
-5415.129712,10,42832.316475
-4658.333638,10,42832.334475
-2514.081372,10,42832.352473
-1717.85508,10,42832.370504
-15609.703637,10,42832.388473
-2038.393236,10,42832.409473
-3924.06924,10,42832.427473
-1739.065822,10,42832.446474
-24604.090714,10,42832.463473
-70486.290503,10,42832.485473
-3881.351588,10,42832.503487
-5758.67055,10,42832.521489
-2982.394599,10,42832.540492
-396.73261,10,42832.559491
-3984.749565,10,42832.580495
-3714.727797,10,42832.602569
-2189.843254,10,42832.622582
-2822.780974,10,42832.642579
-1164.503268,10,42832.661489
-3709.43099,10,42832.680482
-61397.432157,10,42832.701489
-1441.011513,10,42832.720489
-2857.688735,10,42832.741489
-449.236272,10,42832.761489
-2728.9818,10,42832.782483
-1972.770887,10,42832.80149
-1670.631163,10,42832.820489
-2165.06693,10,42832.841489
-42973.828544,10,42832.860489
-2009.762593,10,42832.880484
-53939.991267,10,42832.901486
-13028.164895,10,42832.921489
-90196.621181,10,42832.940489
-3393.504255,10,42832.959489
-44161.424694,10,42832.979489
-2190.603865,10,42832.999485
-81073.448127,10,42833.019482
-42177.497059,10,42833.039489
-646.247613,10,42833.061489
-3820.972754,10,42833.082489
-1816.650972,10,42833.101489
-4883.900266,10,42833.121489
-3533.43372,10,42833.141489
-1341.883399,10,42833.159489
-2844.11387,10,42833.176493
-2544.069647,10,42833.19449
-2125.833135,10,42833.212489
-1437.97949,10,42833.230486
-1670.170903,10,42833.249484
-5533.616037,10,42833.284493
-62347.253126,10,42833.306491
-3936.325153,10,42833.328489
-4473.165245,10,42833.35149
-4532.320299,10,42833.373489
-4831.338861,10,42833.395489
-2188.505508,10,42833.419484
-4748.621457,10,42833.44156
-1028.665375,10,42833.465492
-34047.432919,10,42833.487491
-1117.998802,10,42833.505493
-1817.272957,10,42833.522489
-4784.97663,10,42833.539489
-3861.16306,10,42833.556489
-61498.709672,10,42833.576489
-4045.221176,10,42833.594491
-728.164288,10,42833.61049
-606.89675,10,42833.629489
-4296.895339,10,42833.648485
-5056.235783,10,42833.668485
-3071.478481,10,42833.688485
-3911.711598,10,42833.705482
-3286.597569,10,42833.724483
-4354.05461,10,42833.742482
-2195.724567,10,42833.762484
-3145.305125,10,42833.781525
-6894.850371,10,42833.799486
-4192.726149,10,42833.816486
-4588.754357,10,42833.834485
-81221.33672,10,42833.851485
-81031.741657,10,42833.87049
-2359.793934,10,42833.890502
-6216.255722,10,42833.90749
-2984.424052,10,42833.924489
-20439.479839,10,42833.941491
-400.5114,10,42833.958484
-3718.63667,10,42833.974489
-80605.531631,10,42833.993489
-2623.195909,10,42834.012489
-2856.999643,10,42834.029489
-71509.20749,10,42834.045491
-3078.688422,10,42834.062489
-4564.433861,10,42834.081495
-71265.557078,10,42834.101491
-100000.0,10,42834.119489
-1336.801102,10,42834.135485
-4555.104201,10,42834.153489
-80890.009233,10,42834.169489
-1014.285954,10,42834.185483
-5332.436357,10,42834.203489
-6875.858021,10,42834.220489
-1124.49297,10,42834.252489
-80876.130829,10,42834.270489
-3965.522952,10,42834.28949
-71775.29847,10,42834.308489
-53776.925088,10,42834.325492
-1800.433015,10,42834.342489
-60521.873381,10,42834.359489
-4261.277592,10,42834.375492
-4175.339276,10,42834.391489
-3114.926072,10,42834.408489
-2968.690934,10,42834.427485
-3620.350296,10,42834.445564
-3171.304625,10,42834.46749
-1617.500936,10,42834.48549
-14468.68144,10,42834.504494
-2305.916245,10,42834.521489
-2598.934342,10,42834.538489
-1601.09977,10,42834.558489
-3433.235806,10,42834.57549
-61524.718588,10,42834.591489
-80911.025212,10,42834.612489
-491.366093,10,42834.631508
-4955.512196,10,42834.651489
-32854.334483,10,42834.669489
-4251.163023,10,42834.690489
-3752.594502,10,42834.710489
-2033.303295,10,42834.731503
-1306.660287,10,42834.750489
-3183.700361,10,42834.767492
-1246.574293,10,42834.78749
-2413.696339,10,42834.80749
-5132.872432,10,42834.825493
-1667.875627,10,42834.842489
-1590.911797,10,42834.860489
-5889.729963,10,42834.880489
-4110.890674,10,42834.898501
-2690.465853,10,42834.913489
-3935.258821,10,42834.933482
-1493.026771,10,42834.950489
-90694.266148,10,42834.968489
-62589.833069,10,42834.984489
-4088.950627,10,42835.003489
-3177.477102,10,42835.022489
-4572.215446,10,42835.042489
-22329.730268,10,42835.059489
-4259.641507,10,42835.07549
-3163.312949,10,42835.093489
-2662.653796,10,42835.112489
-3038.587297,10,42835.128489
-4632.903574,10,42835.148492
-6493.957354,10,42835.164491
-81269.785621,10,42835.181488
-3766.995898,10,42835.212489
-1926.690775,10,42835.229489
-4553.739431,10,42835.246489
-3018.328333,10,42835.264489
-3293.769388,10,42837.085554
-2733.17147,10,42837.103554
-5613.431391,10,42837.120554
-2977.675246,10,42837.136554
-2129.79252,10,42837.154555
-1922.291,10,42837.171554
-12088.951096,10,42837.188559
-1681.158486,10,42837.205548
-2776.498896,10,42837.223558
-14530.517174,10,42837.241554
-5660.793019,10,42837.258554
-3237.869841,10,42837.276554
-14349.549209,10,42837.292547
-4255.951133,10,42837.310554
-2830.713494,10,42837.326554
-4270.615319,10,42837.344554
-3962.443219,10,42837.360554
-2826.193988,10,42837.380547
-2271.034325,10,42837.399561
-1164.474899,10,42837.417556
-100000.0,10,42837.435559
-1894.350521,10,42837.452554
-90115.14294,10,42837.468554
-2416.433192,10,42837.485557
-80996.899845,10,42837.502553
-3262.118341,10,42837.521554
-1330.867046,10,42837.539553
-1294.327601,10,42837.558553
-2938.711214,10,42837.576553
-3832.823422,10,42837.594553
-4349.050587,10,42837.611553
-60707.859642,10,42837.627555
-52656.968213,10,42837.644553
-5248.48414,10,42837.660554
-3075.44612,10,42837.677555
-324.744314,10,42837.696554
-4812.846259,10,42837.714566
-282.621218,10,42837.732565
-4115.19345,10,42837.751554
-4157.894152,10,42837.767556
-3571.259992,10,42837.784555
-1013.930138,10,42837.802554
-90534.580008,10,42837.819554
-4444.213295,10,42837.837555
-1522.171573,10,42837.856554
-3635.217947,10,42837.873555
-2220.482645,10,42837.892555
-5224.205581,10,42837.923553
-1395.731956,10,42837.940553
-1083.552351,10,42837.958554
-24578.30374,10,42837.976554
-556.63045,10,42837.994554
-90368.842643,10,42838.012553
-100000.0,10,42838.029554
-1972.419274,10,42838.045555
-2723.772239,10,42838.061554
-3232.460526,10,42838.077555
-4165.610102,10,42838.095555
-2883.70281,10,42838.113554
-3294.503717,10,42838.132547
-42537.182956,10,42838.14956
-4004.849673,10,42838.165558
-3229.931217,10,42838.182547
-24143.594604,10,42838.198558
-2741.553108,10,42838.214562
-5639.455477,10,42838.231558
-3914.225396,10,42838.247553
-7114.073435,10,42838.263554
-4328.513284,10,42838.28255
-23598.400293,10,42838.298558
-2552.08574,10,42838.31655
-2468.99514,10,42838.335558
-4079.858834,10,42838.353553
-100000.0,10,42838.370632
-565.033412,10,42838.386632
-16958.147428,10,42838.402632
-2638.455035,10,42838.420634
-3920.376163,10,42838.436632
-795.595578,10,42838.453634
-81592.528987,10,42838.471632
-2505.420295,10,42838.487634
-948.943645,10,42838.503632
-5678.872862,10,42838.519632
-1816.599588,10,42838.537644
-4732.139921,10,42838.553632
-31312.258545,10,42838.570632
-1384.036917,10,42838.586633
-70652.007441,10,42838.603627
-1608.734737,10,42838.620632
-3618.812301,10,42838.637634
-3684.606542,10,42838.655637
-4226.144376,10,42838.672632
-4422.782289,10,42838.690632
-1267.802114,10,42838.706632
-90635.644422,10,42838.722632
-5096.197671,10,42838.739632
-3964.530337,10,42838.756632
-481.600489,10,42838.772632
-2951.102059,10,42838.803632
-22937.354518,10,42838.822632
-3274.169943,10,42838.838632
-1819.837386,10,42838.855636
-6378.920575,10,42838.871632
-775.074745,10,42838.889633
-2624.757795,10,42838.907634
-13990.274794,10,42838.926632
-52779.178518,10,42838.944632
-980.248469,10,42838.963632
-2002.022793,10,42838.981626
-2844.151431,10,42839.000633
-22043.30731,10,42839.019642
-52854.042167,10,42839.038632
-2609.97334,10,42839.056633
-2223.531125,10,42839.075636
-5557.367421,10,42839.094632
-14746.376168,10,42839.109632
-4306.997822,10,42839.125634
-4704.974956,10,42839.142632
-3718.038719,10,42839.159632
-70849.201157,10,42839.178634
-1592.380002,10,42839.196632
-90332.041298,10,42839.214651
-2154.42108,10,42839.232627
-1887.565867,10,42839.249641
-296.977396,10,42839.267626
-1743.161587,10,42839.285636
-5305.107311,10,42839.304632
-4278.966049,10,42839.322632
-3680.239235,10,42839.340632
-875.280284,10,42839.357634
-5616.191959,10,42839.373632
-1869.070587,10,42839.391632
-2682.833519,10,42839.407634
-3228.043845,10,42839.424632
-5573.281814,10,42839.441632
-81028.720398,10,42839.459626
-922.657228,10,42839.478632
-3283.741233,10,42839.498629
-7035.617398,10,42839.516632
-743.503912,10,42839.534632
-2068.77969,10,42839.552632
-1805.716041,10,42839.571632
-2723.040417,10,42839.588632
-1644.312282,10,42839.605636
-3433.946193,10,42839.622632
-4362.92171,10,42839.638633
-5095.457714,10,42839.655635
-62223.541051,10,42839.672634
-4662.774085,10,42839.688635
-746.143248,10,42839.724646
-2832.20594,10,42839.742708
-1684.499319,10,42839.762704
-33732.999694,10,42839.779632
-784.574851,10,42839.801626
-3207.207863,10,42839.818633
-70966.753813,10,42839.837636
-5281.357513,10,42839.855636
-4469.233628,10,42839.871632
-2848.062158,10,42839.887644
-4238.322229,10,42839.906632
-12597.811565,10,42839.926632
-2090.30355,10,42839.946626
-4297.615249,10,42839.963633
-2964.083312,10,42839.983632
-2056.729711,10,42840.000633
-1666.514989,10,42840.016637
-5211.225892,10,42840.032633
-4098.238212,10,42840.051632
-2134.56517,10,42840.072632
-21379.356441,10,42840.090633
-2371.711428,10,42840.107634
-781.388904,10,42840.126632
-747.463613,10,42840.145634
-2344.9657,10,42840.163632
-90532.530012,10,42840.182628
-322.370549,10,42840.201632
-3060.917268,10,42840.217635
-6036.187649,10,42840.237636
-3118.915403,10,42840.255635
-698.377344,10,42840.271632
-2629.025133,10,42840.290632
-2238.278594,10,42840.307634
-32281.073924,10,42840.328632
-1917.950998,10,42840.351633
-1542.004104,10,42840.373634
-1814.807728,10,42840.395636
-4024.099834,10,42840.417637
-3052.799674,10,42840.439632
-5719.134365,10,42840.462632
-1822.976458,10,42840.485636
-3079.065673,10,42840.507633
-2482.825427,10,42840.529632
-2174.226934,10,42840.550635
-3100.534707,10,42840.573632
-1539.058862,10,42840.596632
-2079.451235,10,42840.618632
-3877.699762,10,42840.639633
-10844.530811,10,42840.661632
-1299.155568,10,42840.684632
-1388.806903,10,42840.706635
-1873.582302,10,42840.761632
-2174.806792,10,42840.779624
-4459.894785,10,42840.796702
-2955.211665,10,42840.81271
-2343.993025,10,42840.829695
-2483.088125,10,42842.734626
-80720.367719,10,42842.752633
-2941.214195,10,42842.771633
-2456.610309,10,42842.792634
-2617.19588,10,42842.81364
-1347.195771,10,42842.833633
-3378.326925,10,42842.850633
-2415.268608,10,42842.869632
-2532.32178,10,42842.888635
-43005.56555,10,42842.907628
-1606.264105,10,42842.925627
-3815.813608,10,42842.948628
-71314.653502,10,42842.967628
-5404.775903,10,42842.984633
-2055.685546,10,42843.004634
-90675.775831,10,42843.021632
-1079.261066,10,42843.039632
-4422.426751,10,42843.058632
-1760.289822,10,42843.075634
-3426.198798,10,42843.095639
-70371.108127,10,42843.113632
-1779.527445,10,42843.130627
-100000.0,10,42843.148639
-2144.610646,10,42843.168632
-100000.0,10,42843.185642
-80301.907741,10,42843.202632
-5952.962891,10,42843.222625
-3296.894689,10,42843.240633
-2757.812726,10,42843.258632
-2907.96486,10,42843.277637
-615.733837,10,42843.294626
-605.484526,10,42843.315637
-61201.667033,10,42843.334628
-1757.730272,10,42843.355636
-1227.430194,10,42843.378633
-4388.169909,10,42843.400628
-4921.238112,10,42843.421625
-4488.991046,10,42843.441632
-4013.920708,10,42843.459632
-1864.16101,10,42843.480627
-1748.012563,10,42843.499626
-90364.733663,10,42843.516634
-3630.226501,10,42843.536634
-4425.068316,10,42843.553632
-2579.926175,10,42843.571632
-4472.441284,10,42843.588632
-1408.844777,10,42843.604632
-2353.153552,10,42843.638635
-62138.775687,10,42843.655637
-1772.042815,10,42843.674632
-100000.0,10,42843.691632
-575.694965,10,42843.708632
-6998.008823,10,42843.725634
-52986.602287,10,42843.742632
-1242.858995,10,42843.761632
-3449.290437,10,42843.781631
-4942.805853,10,42843.801632
-51597.639703,10,42843.818632
-2303.864804,10,42843.839632
-2726.628499,10,42843.858632
-3878.077412,10,42843.875635
-100000.0,10,42843.893632
-3969.08229,10,42843.910635
-2302.891972,10,42843.928632
-5022.169737,10,42843.949634
-13113.088764,10,42843.966628
-1678.527733,10,42843.985701
-2915.484511,10,42844.002698
-7025.56394,10,42844.018632
-2102.660552,10,42844.038632
-2878.929661,10,42844.058632
-2230.999163,10,42844.078632
-2858.667014,10,42844.098634
-2714.794848,10,42844.117637
-1743.28848,10,42844.134632
-1749.920547,10,42844.152632
-90373.352702,10,42844.168633
-81396.468852,10,42844.186626
-5363.656398,10,42844.204632
-70665.220466,10,42844.221632
-2703.073594,10,42844.239634
-3172.003304,10,42844.257634
-3982.758514,10,42844.275635
-32145.293742,10,42844.292632
-81331.602232,10,42844.309632
-3368.425558,10,42844.329633
-4138.892381,10,42844.350626
-3586.935255,10,42844.371632
-4604.356464,10,42844.389632
-1215.130537,10,42844.408632
-2545.669711,10,42844.429632
-90072.784121,10,42844.448636
-2005.784875,10,42844.465638
-2575.966329,10,42844.485629
-2533.552962,10,42844.504633
-1640.508287,10,42844.522632
-34009.441902,10,42844.541632
-3067.652014,10,42844.557633
-4706.881279,10,42844.588627
-80699.712404,10,42844.607634
-62387.453915,10,42844.624632
-34188.883467,10,42844.643632
-4260.666139,10,42844.659632
-41566.881823,10,42844.677634
-2979.182174,10,42844.695634
-90573.978576,10,42844.713632
-860.898531,10,42844.733633
-2185.967996,10,42844.750632
-2743.442484,10,42844.766632
-53399.146811,10,42844.783632
-3198.430553,10,42844.802633
-2279.052498,10,42844.819643
-100000.0,10,42844.836632
-3418.462846,10,42844.854632
-100000.0,10,42844.871632
-502.712239,10,42844.889633
-3345.736913,10,42844.906632
-3130.158639,10,42844.923635
-3901.154112,10,42844.939814
-2324.807752,10,42844.956632
-1665.712864,10,42844.974632
-90675.865515,10,42844.992632
-42216.034734,10,42845.011632
-661.032305,10,42845.030626
-3422.109387,10,42845.050634
-32455.532081,10,42845.068633
-2498.204759,10,42845.085636
-2209.393223,10,42845.102632
-2382.674757,10,42845.120628
-5603.168836,10,42845.139628
-3368.280914,10,42845.15763
-2252.02566,10,42845.174628
-7283.621765,10,42845.191629
-4512.438004,10,42845.215631
-17454.03088,10,42845.237634
-2468.243644,10,42845.259633
-664.949575,10,42845.282627
-2246.122392,10,42845.303632
-2511.475839,10,42845.325635
-2197.335857,10,42845.346632
-3383.584098,10,42845.370632
-3965.808294,10,42845.389632
-3117.732493,10,42845.406632
-70719.944582,10,42845.424632
-3821.953979,10,42845.443632
-2648.554561,10,42845.461632
-3456.567618,10,42845.480628
-71179.11877,10,42845.499635
-3320.398817,10,42845.517636
-2671.146722,10,42845.552632
-3859.99151,10,42845.575637
-3714.376206,10,42845.606636
-1316.07621,10,42845.627632
-94.576774,10,42845.650632
-1192.81978,10,42845.673632
-4081.97552,10,42845.695632
-42674.133471,10,42845.718634
-1931.105523,10,42845.740632
-3327.75209,10,42845.760632
-3842.179576,10,42845.778634
-90307.603212,10,42845.794632
-6156.815065,10,42845.811628
-576.276445,10,42845.829633
-50576.030735,10,42845.846634
-3138.77775,10,42845.862632
-1669.991118,10,42845.879633
-383.669334,10,42845.898626
-80192.765744,10,42845.917632
-993.611695,10,42845.935633
-2339.26213,10,42845.954633
-5181.322762,10,42845.973656
-90409.221404,10,42845.992657
-5008.184229,10,42846.011656
-46.373855,10,42846.028657
-1694.958016,10,42846.045656
-3656.132092,10,42846.064659
